appid,title
105600,Terraria
359550,Tom Clancy's Rainbow Six Siege
252490,Rust
227300,Euro Truck Simulator 2
381210,Dead by Daylight
292030,The Witcher 3: Wild Hunt
346110,ARK: Survival Evolved
236390,War Thunder
218620,PAYDAY 2
242760,The Forest
230410,Warframe
304930,Unturned
322170,Geometry Dash
367520,Hollow Knight
322330,Don't Starve Together
239140,Dying Light
221100,DayZ
108600,Project Zomboid
374320,DARK SOULS™ III
377160,Fallout 4
291550,Brawlhalla
275850,No Man's Sky
251570,7 Days to Die
250900,The Binding of Isaac: Rebirth
284160,BeamNG.drive
289070,Sid Meier’s Civilization® VI
264710,Subnautica
107410,Arma 3
255710,Cities: Skylines
261550,Mount & Blade II: Bannerlord
203160,Tomb Raider Game of the Year
238960,Path of Exile
294100,RimWorld
311210,Call of Duty®: Black Ops III
379720,DOOM
268910,Cuphead
281990,Stellaris
270880,American Truck Simulator
379430,Kingdom Come: Deliverance
319630,Life is Strange - Episode 1
244210,Assetto Corsa
306130,The Elder Scrolls® Online
262060,Darkest Dungeon®
208650,Batman™: Arkham Knight
362890,Black Mesa
361420,ASTRONEER
204360,Castle Crashers®
236850,Europa Universalis IV
238320,Outlast
244850,Space Engineers
220200,Kerbal Space Program
232090,Killing Floor 2
286690,Metro 2033 Redux
335300,DARK SOULS™ II: Scholar of the First Sin
220240,Far Cry 3
225540,Just Cause™ 3
222880,Insurgency
211820,Starbound
219150,Hotline Miami
386360,SMITE®
305620,The Long Dark
356190,Middle-earth™: Shadow of War™
219740,Don't Starve
231430,Company of Heroes 2
233860,Kenshi
268500,XCOM® 2
376210,The Isle
287700,METAL GEAR SOLID V: THE PHANTOM PAIN
359320,Elite Dangerous
219990,Grim Dawn
221380,Age of Empires II (Retired)
383870,Firewatch
282070,This War of Mine
365590,Tom Clancy’s The Division™
241930,Middle-earth™: Shadow of Mordor™
304050,Trove
254700,Resident Evil 4 (2005)
349040,NARUTO SHIPPUDEN: Ultimate Ninja STORM 4
311690,Enter the Gungeon
234140,Mad Max
235460,METAL GEAR RISING: REVENGEANCE
214950,Total War: ROME II - Emperor Edition
206440,To the Moon
223710,Cry of Fear
289650,Assassin's Creed® Unity
250820,SteamVR
240720,Getting Over It with Bennett Foddy
207610,The Walking Dead
239030,"Papers, Please"
212680,FTL: Faster Than Light
206420,Saints Row IV: Re-Elected
331470,Everlasting Summer
274170,Hotline Miami 2: Wrong Number
242050,Assassin’s Creed® IV Black Flag™
224260,No More Room in Hell
307690,Sleeping Dogs: Definitive Edition
287390,Metro: Last Light Redux
200260,Batman: Arkham City - Game of the Year Edition
218230,PlanetSide 2
203770,Crusader Kings II
304430,INSIDE
380600,Fishing Planet
233450,Prison Architect
238460,BattleBlock Theater®
286160,Tabletop Simulator
213670,South Park™: The Stick of Truth™
387290,Ori and the Blind Forest: Definitive Edition
265930,Goat Simulator
298110,Far Cry® 4
386180,Crossout
201270,Total War: SHOGUN 2
219640,Chivalry: Medieval Warfare
214490,Alien: Isolation
285900,Gang Beasts
221040,Resident Evil 6
209000,Batman™: Arkham Origins
113200,The Binding of Isaac
363970,Clicker Heroes
312660,Sniper Elite 4
204100,Max Payne 3
203140,Hitman: Absolution™
201810,Wolfenstein: The New Order
274190,Broforce
346900,AdVenture Capitalist
246620,Plague Inc: Evolved
261570,Ori and the Blind Forest
307780,Mortal Kombat X
200510,XCOM: Enemy Unknown
319510,Five Nights at Freddy's
333930,Dirty Bomb®
108710,Alan Wake
253230,A Hat in Time
364360,Total War: WARHAMMER
346010,Besiege
386940,Ultimate Chicken Horse
282140,SOMA
312520,Rain World
243470,Watch_Dogs™
202970,Call of Duty®: Black Ops II
367500,Dragon's Dogma: Dark Arisen
200210,Realm of the Mad God Exalt
313120,Stranded Deep
244450,Men of War: Assault Squad 2
221910,The Stanley Parable
236430,DARK SOULS™ II
200710,Torchlight II
239820,Game Dev Tycoon
302510,Ryse: Son of Rome
242920,Banished
261640,Borderlands: The Pre-Sequel
204450,Call of Juarez: Gunslinger
337000,Deus Ex: Mankind Divided
225080,Brothers - A Tale of Two Sons
322500,SUPERHOT
228380,Wreckfest
223750,DCS World Steam Edition
109600,Neverwinter
115300,Call of Duty®: Modern Warfare® 3 (2011)
312530,Duck Game
250320,The Wolf Among Us
371660,Far Cry® Primal
107100,Bastion
242860,Verdun
383980,Rivals of Aether
207140,SpeedRunners
325610,Total War: ATTILA
265630,Fistful of Frags
334230,Town of Salem
266840,Age of Mythology: Extended Edition
110800,L.A. Noire
326460,ShellShock Live
383120,Empyrion - Galactic Survival
261030,The Walking Dead: Season Two
274940,Depth
257510,The Talos Principle
268050,The Evil Within
225840,Sven Co-op
368500,Assassin's Creed® Syndicate
245170,Skullgirls 2nd Encore
304240,Resident Evil
339800,HuniePop
337320,Paint the Town Red
373420,Divinity: Original Sin - Enhanced Edition
220440,DmC: Devil May Cry
237930,Transistor
288160,The Room
280790,Creativerse
287290,Resident Evil Revelations 2
230290,Universe Sandbox
248820,Risk of Rain (2013)
282800,100% Orange Juice
238010,Deus Ex: Human Revolution - Director's Cut
278360,A Story About My Uncle
249130,LEGO® Marvel™ Super Heroes
335240,Transformice
104900,ORION: Prelude
238090,Sniper Elite 3
324800,Shadow Warrior 2
213610,Sonic Adventure 2
341940,Hatred
333600,NEKOPARA Vol. 1
383150,Dead Island Definitive Edition
384190,ABZU
260230,Valiant Hearts: The Great War™ / Soldats Inconnus : Mémoires de la Grande Guerre™
365360,Battle Brothers
204300,Awesomenauts
211500,RaceRoom Racing Experience
233130,Shadow Warrior
247080,Crypt of the NecroDancer
314160,Microsoft Flight Simulator X: Steam Edition
365450,Hacknet
291650,Pillars of Eternity
332800,Five Nights at Freddy's 2
208580,STAR WARS™ Knights of the Old Republic™ II - The Sith Lords™
221640,Super Hexagon
221680,Rocksmith® 2014 Edition REMASTERED LEARN & PLAY
285920,TerraTech
297000,Heroes® of Might & Magic® III - HD Edition
302670,Call to Arms
239160,Thief
274520,Darkwood
368260,Marvel's Midnight Suns
250600,The Plan
246900,Viscera Cleanup Detail
323850,Move or Die
332950,Dark Deception
303210,The Beginner's Guide
350080,Wolfenstein: The Old Blood
354830,Wolfenstein: The Old Blood
368230,Kingdom: Classic
330020,Children of Morta
212500,The Lord of the Rings Online™
359870,FINAL FANTASY X/X-2 HD Remaster
374040,Portal Knights
236110,Dungeon Defenders II
307950,Caliber
362680,Fran Bow
323470,DRAGON BALL XENOVERSE
283640,Salt and Sanctuary
235540,Warhammer: End Times - Vermintide
235600,Tom Clancy’s Splinter Cell Blacklist
311560,Assassin’s Creed® Rogue
329050,Devil May Cry 4 Special Edition
210970,The Witness
265550,Dead Rising 3 Apocalypse Edition
225260,Brutal Legend
337340,Finding Paradise
242700,Injustice: Gods Among Us Ultimate Edition
269950,X-Plane 11
201870,Assassin's Creed® Revelations
262410,World of Guns: Gun Disassembly
251060,Wargame: Red Dragon
201790,Orcs Must Die! 2
242680,Nuclear Throne
330830,Tales from the Borderlands
292120,FINAL FANTASY® XIII
233270,Far Cry 3 - Blood Dragon
289130,ENDLESS™ Legend
236090,Dust: An Elysian Tail
241600,Rogue Legacy
257850,Hyper Light Drifter
367450,Poly Bridge
301640,Zombie Army Trilogy
312990,The Expendabros
232430,Gone Home
228200,Company of Heroes
311340,METAL GEAR SOLID V: GROUND ZEROES
232890,Stronghold Crusader 2
385800,NEKOPARA Vol. 0
368340,CrossCode
219890,Antichamber
212480,Sonic & All-Stars Racing Transformed Collection
241540,State of Decay
228280,Baldur's Gate: Enhanced Edition
202170,Sleeping Dogs
257420,Serious Sam 4
250400,How to Survive
233290,Murdered: Soul Suspect
222480,Resident Evil Revelations
293760,Automation - The Car Company Tycoon Game
248390,Craft The World
248570,Toribash
339340,Resident Evil 0
233720,Surgeon Simulator
228300,Remember Me
341800,Keep Talking and Nobody Explodes
250760,Shovel Knight: Treasure Trove
239350,Spelunky
270150,RUNNING WITH RIFLES
355180,Codename CURE
287980,Mini Metro
264200,One Finger Death Punch
313340,Mountain
204880,Sins of a Solar Empire®: Rebellion
298630,The Escapists
246420,Kingdom Rush  - Tower Defense
224760,FEZ
290340,Armello
214560,Mark of the Ninja
237990,The Banner Saga
288470,Fable Anniversary
282440,Quake Live
313160,Farming Simulator 15
361280,Turmoil
333420,Cossacks 3
238430,Contagion
115320,Prototype 2
332310,LEGO® Worlds
343780,Cat Goes Fishing
287450,Rise of Nations: Extended Edition
214510,LEGO® The Lord of the Rings™
356670,Spooky's Jump Scare Mansion
212070,Star Conflict
335670,LISA: The Painful
314650,SpaceEngine
209080,Guns of Icarus Online
259080,Just Cause 2: Multiplayer Mod
205100,Dishonored
217980,Dishonored
320300,Car Mechanic Simulator 2015
386070,Planetary Annihilation: TITANS
383080,Sakura Clicker
210770,Sanctum 2
252530,OMSI 2: Steam Edition
245620,Tropico 5
371970,Barony
234670,NARUTO SHIPPUDEN: Ultimate Ninja STORM 3 Full Burst HD
350640,Sherlock Holmes: The Devil's Daughter
362930,Garfield Kart
244160,Homeworld Remastered Collection
249050,Dungeon of the ENDLESS™
278080,DYNASTY WARRIORS 8: Xtreme Legends Complete Edition
382310,Eco
108800,Crysis 2 - Maximum Edition
238370,Magicka 2
320240,We Happy Few
204340,Serious Sam II
234650,Shadowrun Returns
327030,Worms W.M.D
221260,Little Inferno
297130,Titan Souls
377840,FINAL FANTASY IX
256290,Child of Light
300380,Road Redemption
206190,Gunpoint
362490,Exanima
294860,Valkyria Chronicles™
362960,Tyranny
102500,Kingdoms of Amalur: Reckoning™
253250,Stonehearth
280160,Aragami
329430,State of Decay: YOSE
226840,Age of Wonders III
214340,Deponia
211400,Deadlight
339610,Freestyle 2: Street Basketball
342200,MechWarrior Online™ Legends
383180,Dead Island: Riptide Definitive Edition
268650,From the Depths
270550,Yet Another Zombie Defense
356570,Party Hard
282900,Hyperdimension Neptunia Re;Birth1
218680,Scribblenauts Unlimited
208200,DOOM 3
333640,Caves of Qud
351640,Eternal Senia
230230,Divinity: Original Sin (Classic)
306020,Bloons TD 5
378540,The Surge
368360,60 Seconds!
242550,Rayman® Legends
242640,Styx: Master of Shadows
317360,Double Action: Boogaloo
332570,Amazing Frog?
383270,Hue
312670,Strange Brigade
253430,CastleMiner Z
354140,Five Nights at Freddy's 3
203290,America's Army: Proving Grounds
206500,AirMech
218640,Lucius
331600,One Piece Pirate Warriors 3
352400,LEGO® Jurassic World
329110,Gems of War - Puzzle RPG
327410,A Bird Story
266510,Hand of Fate
215080,WAKFU
217200,Worms Armageddon
252410,SteamWorld Dig
257350,Baldur's Gate II: Enhanced Edition
224480,Octodad: Dadliest Catch
352720,The Universim
324160,CLANNAD
226860,Galactic Civilizations III
285160,LEGO® The Hobbit™
360940,The Mean Greens - Plastic Warfare
251150,The Legend of Heroes: Trails in the Sky
368370,Her Story
202750,Alan Wake's American Nightmare
258970,Gauntlet™ Slayer Edition
215530,The Incredible Adventures of Van Helsing
252610,Death Road to Canada
234080,Castlevania: Lords of Shadow – Ultimate Edition
351920,Crazy Machines 3
359050,Shower With Your Dad Simulator 2015: Do You Still Shower With Your Dad
248610,Door Kickers
313690,LEGO® Batman™ 3: Beyond Gotham
247000,Talisman: Digital Classic Edition
365300,Transmissions: Element 120
301910,Saints Row: Gat out of Hell
237310,Elsword
307960,IL-2 Sturmovik: Battle of Stalingrad
375480,Chronicon
208140,ENDLESS™ Space - Definitive Edition
375950,Viridi
304650,SUNLESS SEA
321360,Primal Carnage: Extinction
220780,Thomas Was Alone
342180,Arizona Sunshine®
351970,Tales of Zestiria
252330,Slender: The Arrival
236690,Blood Bowl 2
365960,rFactor 2
200170,Worms Revolution
258520,The Vanishing of Ethan Carter
367580,Hook
250180,METAL SLUG 3
272510,NARUTO SHIPPUDEN: Ultimate Ninja STORM Revolution
213330,LEGO® Batman™ 2: DC Super Heroes
366090,Colony Survival
281610,Homeworld: Deserts of Kharak
316790,Grim Fandango Remastered
261110,Killer is Dead - Nightmare Edition
295790,Never Alone (Kisima Ingitchuna)
369990,"Gremlins, Inc."
323580,Jotun: Valhalla Edition
113020,Monaco: What's Yours Is Mine
269770,Secrets of Grindea
360740,Downwell
384180,Prominence Poker
102600,Orcs Must Die!
214420,Gear Up
276810,Mordheim: City of the Damned
266010,LYNE
290300,Rebel Galaxy
347620,Gaokao.Love.100Days
373930,Sudden Strike 4
312840,Fahrenheit: Indigo Prophecy Remastered
232790,Broken Age
233980,UnEpic
291860,Pit People®
236450,PAC-MAN™ Championship Edition DX+
298050,Master of Orion
240760,Wasteland 2: Director's Cut
285310,RollerCoaster Tycoon®: Deluxe
250620,Among the Sleep - Enhanced Edition
245280,ENSLAVED™: Odyssey to the West™ Premium Edition
203750,Binary Domain
250260,Jazzpunk: Director's Cut
230190,War for the Overworld
200900,Cave Story+
311290,SpellForce 3 Reforced
328080,Rise to Ruins
237630,DuckTales: Remastered
206480,Dungeons & Dragons Online®
241260,Sherlock Holmes: Crimes and Punishments
296470,Mount Your Friends
362620,Software Inc.
207230,ArcheBlade™
331870,AER Memories of Old
268750,Magicite
310080,Hatoful Boyfriend
232010,Euro Truck Simulator
348550,GUILTY GEAR XX ACCENT CORE PLUS R
231160,The Swapper
377530,侠客风云传(Tale of Wuxia)
233610,Distance
357190,ULTIMATE MARVEL VS. CAPCOM 3
234270,Ken Follett's The Pillars of the Earth
268130,Heat Signature
318600,The Flame in the Flood
293780,Crawl
259680,Tales of Maj'Eyal
352520,The Silent Age
351940,The Descendant
251990,Long Live The Queen
214730,Space Rangers HD: A War Apart
250520,UnderRail
275390,Guacamelee! Super Turbo Championship Edition
263980,Out There Somewhere
313740,Sakura Spirit
289950,Construction Simulator 2015
382490,Relic Hunters Zero: Remix
355790,Styx: Shards of Darkness
292910,Deponia: The Complete Journey
378610,Valley
232910,TrackMania² Stadium
207170,Legend of Grimrock
253980,Enclave
266410,iRacing
207690,Botanicula
272060,Serena
239070,Hammerwatch
300550,Shadowrun: Dragonfall - Director's Cut
212800,Super Crate Box
332200,Axiom Verge
345180,Victor Vran ARPG
274900,Murder Miners
342560,Airships: Conquer the Skies
253030,Race The Sun
249230,Risen 3 - Titan Lords
263060,Blockstorm
239250,Castlevania: Lords of Shadow 2
375910,Anno 2205™
356040,Sheltered
310370,The Way of Life Free Edition
310360,Higurashi When They Cry Hou - Ch.1 Onikakushi
322190,SteamWorld Heist
382560,Hot Lava
261180,Lethal League
253110,The Cat Lady
209670,Cortex Command
115800,Owlboy
235800,Audiosurf 2
357070,UBERMOSH
307110,We Need To Go Deeper
303310,The House in Fata Morgana
214770,Guacamelee! Gold Edition
233470,Evoland
359510,Tangle Tower
327890,I Am Bread
324810,TOXIKK™
222730,Reus
265210,Viscera Cleanup Detail: Santa's Rampage
265890,Hexcells
324080,Rising World
263760,Turbo Dismount™
215470,Primal Carnage
207490,Rayman® Origins
267530,The LEGO® Movie - Videogame
387860,the static speaks my name
243970,"Invisible, Inc."
286100,You Have to Win the Game
247020,"Cook, Serve, Delicious!"
285330,RollerCoaster Tycoon® 2: Triple Thrill Pack
271240,Offworld Trading Company
274500,Brigador: Up-Armored Edition
269790,DreadOut
224460,Contrast
363930,Dead Age
287630,The Council
323320,Grow Home
382140,SKYHILL
250340,Blockland
354240,"Please, Don’t Touch Anything"
311770,LEGO® Pirates of the Caribbean: The Video Game
356650,Death's Gambit: Afterlife
346120,Boring Man - Online Tactical Stickman Combat
360830,Yooka-Laylee
248860,NEO Scavenger
220260,Farming Simulator 2013 Titanium Edition
361300,Mother Russia Bleeds
268870,Satellite Reign
293260,Card Hunter
262280,Dungeons 2
219830,King Arthur's Gold
264380,Narcissu 1st & 2nd
346330,BrainBread 2
320040,Moon Hunters
363440,Mega Man Legacy Collection
219780,Divinity II: Developer's Cut
334940,Yoku's Island Express
270850,Car Mechanic Simulator 2014
385770,Time Clickers
372360,Tales of Symphonia
222440,THE KING OF FIGHTERS 2002 UNLIMITED MATCH
368390,The Darkside Detective
315810,eden*
223830,Xenonauts
323220,Vagante
353560,Plug & Play
253900,Knights and Merchants
366250,METAL SLUG
307670,Hard West
248310,Freedom Planet
314020,Morphopolis
259550,Hero of the Kingdom
270210,Melody's Escape
301860,Submerged
277430,Halo: Spartan Assault
346940,Shadowrun: Hong Kong - Extended Edition
280220,Creeper World 3: Arc Eternal
343860,Tacoma
311240,Zero Escape: Zero Time Dilemma
104200,BEEP
315430,Polarity
227100,Sniper Elite: Nazi Zombie Army
345350,LIGHTNING RETURNS™: FINAL FANTASY® XIII
242820,140
304410,Hexcells Infinite
326480,If My Heart Had Wings
375820,Human Resource Machine
224960,Tomb Raider I (1996)
373770,LiEat
255520,Viscera Cleanup Detail: Shadow Warrior
356500,STAR WARS™ Galactic Battlegrounds Saga
251130,Chroma Squad
215830,Closers
237850,Dreamfall Chapters
322110,20XX
233150,LUFTRAUSERS
358130,Curious Expedition
222750,Wargame: Airland Battle
384110,Pathologic Classic HD
341000,Mad Games Tycoon
386880,Rake
380840,Teeworlds
231200,Kentucky Route Zero: PC Edition
272270,Torment: Tides of Numenera
204240,The Bridge
356400,Thumper
246840,FATE
302590,Of Guards And Thieves
296490,GemCraft - Chasing Shadows
342940,Project: Gorgon
214870,Painkiller Hell & Damnation
275100,Shelter 2
359840,Shift Happens
292410,Street Racing Syndicate
317470,Cubic Castles
315460,Dig or Die
227600,Castle of Illusion
265690,NaissanceE
334920,Zero-K
251290,The Legend of Heroes: Trails in the Sky SC
322210,"Guns, Gore & Cannoli"
235210,STRIDER™ / ストライダー飛竜®
234190,Receiver
247910,Sniper Elite: Nazi Zombie Army 2
238260,Pinball Arcade
375530,"Football, Tactics & Glory"
205910,Tiny and Big: Grandpa's Leftovers
212200,Mabinogi
286000,Tooth and Tail
266210,One Way Heroics
348250,Google Earth VR
359390,Amnesia™: Memories
243800,Gas Guzzlers Extreme
329130,Reassembly
211600,Thief Gold
370360,TIS-100
257750,Bloody Trapland
220820,Zombie Driver HD
252110,Lovers in a Dangerous Spacetime
246580,The Typing of The Dead: Overkill
251730,Legend of Grimrock 2
308420,Ziggurat
230070,The Age of Decadence
306760,Obduction
220860,McPixel
338170,Ratz Instagib
370910,Kathy Rain
242880,"Sir, You Are Being Hunted"
359310,Evoland 2
270450,Robot Roller-Derby Disco Dodgeball
214170,Divine Divinity
302380,Floating Point
208750,Apotheon
312610,METAL SLUG X
354380,Assassin’s Creed® Chronicles: China
324310,Bus Simulator 16
378720,Thea: The Awakening
335620,Star Traders: Frontiers
286040,Dead Effect
281640,The Banner Saga 2
364420,Roguelands
227780,Serious Sam Classics: Revolution
290770,The Fall
205230,Hell Yeah! Wrath of the Dead Rabbit
244710,Shelter
298030,Total Annihilation
225640,Sacred 2 Gold
296710,Monstrum
326410,Windward
314660,Oddworld: New 'n' Tasty
314410,Rampage Knights
261530,Lifeless Planet Premier Edition
225160,Shadow Warrior Classic Redux
365160,Kona
102840,Shank 2
207350,Ys Origin
251470,TowerFall Ascension
245390,"I Have No Mouth, and I Must Scream"
321800,Icewind Dale: Enhanced Edition
251110,INFRA
224500,Gnomoria
353270,Hyperdimension Neptunia Re;Birth3 V Generation
269650,Dex
218410,Defender's Quest: Valley of the Forgotten (DX edition)
239120,Final Fantasy III (3D Remake)
107310,Cthulhu Saves the World
257730,Infinity Wars: Animated Trading Card Game
230270,N++ (NPLUSPLUS)
247430,Hitman: Contracts
297020,The Culling Of The Cows
305260,Battle Islands
353640,Train Valley
263620,Mitsurugi Kamui Hikae
333980,AKIBA'S TRIP: Undead ＆ Undressed
227000,Primordia
318430,Squishy the Suicidal Pig
230820,The Night of the Rabbit
351710,Hyperdimension Neptunia Re;Birth2: Sisters Generation
346250,The Old Tree
290730,My Lands: Black Gem Hunting
221540,DG2: Defense Grid 2
219910,Edna & Harvey: Harvey's New Eyes
325120,Notch - The Innocent LunA: Eclipsed SinnerS
244870,Electronic Super Joy
204120,LEGO® Harry Potter: Years 5-7
265610,Epic Battle Fantasy 4
231740,Knights of Pen and Paper +1 Edition
321400,Supraball
286260,fault - milestone one
269670,BADLAND: Game of the Year Edition
322450,FRAMED Collection
373390,Contradiction: Spot The Liar
285800,Braveland
263300,BlazBlue: Calamity Trigger
233840,Worms Clan Wars
237740,Angry Video Game Nerd Adventures
320140,Absolute Drift
283290,Nosferatu: The Wrath of Malachi
215510,Rocketbirds: Hardboiled Chicken
107200,Space Pirates and Zombies
233740,Organ Trail: Director's Cut
366320,Seasons after Fall
366220,Wurm Unlimited
251870,Go! Go! Nippon! ~My First Trip to Japan~
312750,Final Fantasy IV (3D Remake)
228360,Full Throttle Remastered
312450,Order of Battle: World War II
368620,Timespinner
262830,Crimsonland
303610,Suicide Guy
260750,Neighbours from Hell Compilation
254460,Obscure
218060,BIT.TRIP Presents... Runner2: Future Legend of Rhythm Alien
254200,FortressCraft Evolved!
326360,Warspear Online
329490,Phantom Breaker: Battle Grounds Classic
342580,12 Labours of Hercules
386620,"Cook, Serve, Delicious! 2!!"
204530,Infested Planet
387340,Hyperdimension Neptunia U: Action Unleashed
345820,Shantae and the Pirate's Curse
222420,THE KING OF FIGHTERS '98 ULTIMATE MATCH FINAL EDITION
374900,Agatha Christie - The ABC Murders
357310,Oriental Empires
232750,Mars: War Logs
253330,Neverending Nightmares
252670,Nihilumbra
385370,Radiator 2: Anniversary Edition
345390,King's Quest
372800,RPG MO
277590,Assassin's Creed Freedom Cry
220740,Chaos on Deponia
223810,Ys I & II Chronicles+
274290,Gods Will Be Watching
378760,Pixel Starships
308040,Back to Bed
234390,Teleglitch: Die More Edition
296970,Renowned Explorers: International Society
221810,The Cave
334310,Plebby Quest: The Crusades
227080,Papo & Yo
296870,Dreaming Sarah
254440,Pool Nation
249630,Delver
201230,EverQuest II
282400,SuperPower 2 Steam Edition
252470,Space Pirates And Zombies 2
310060,Knights of Pen and Paper 2
313730,Sunrider: Mask of Arcadius
314970,Age of Conquest IV
259530,Savant - Ascent
331160,Disney•Pixar Cars
249990,FORCED: Slightly Better Edition
367270,Angels Fall First
271900,Hexcells Plus
219680,Proteus
262940,Broken Sword 5 - the Serpent's Curse
376300,GUILTY GEAR Xrd -SIGN-
351030,Pixel Puzzles Ultimate Jigsaw Puzzles
254320,Duskers
313020,Soul Gambler
252030,Valdis Story: Abyssal City
306660,Ultimate General: Gettysburg
285500,Hard Truck Apocalypse / Ex Machina
314790,Silence
298600,Lovely Planet
268400,Panzer Corps Gold
271260,Star Control®: Origins
317250,Airscape - The Fall of Gravity
284950,Pixel Puzzles: Japan
335000,Tormentum - Dark Sorrow
252130,Divide By Sheep
204060,Superbrothers: Sword & Sworcery EP
208670,Blades of Time
203630,Warlock - Master of the Arcane
313630,The Solus Project
317820,Guild of Dungeoneering Ultimate Edition
307230,"I, Zombie"
231330,Deadfall Adventures
331480,Pinstripe
205710,EverQuest
282530,Castlevania: Lords of Shadow – Mirror of Fate HD
312200,Chasm
308600,Skillshot City
330390,GRANDIA II HD Remaster
322770,Vanishing Realms™
230700,La-Mulana
344770,fault - milestone two side:above
340050,Survivalist
265590,The Red Solstice
314000,Pool Nation FX Lite
239840,Dead State: Reanimated
368730,No Time To Explain Remastered
346560,Hero of the Kingdom II
211260,They Bleed Pixels
252350,Double Dragon: Neon
278890,Angvik
336140,Unavowed
353360,how do you Do It?
228260,Fallen Enchantress: Legendary Heroes
243950,Divinity: Dragon Commander
373180,Kung Fury: Street Rage - Ultimate Edition
315660,Trainz: A New Era
297860,Split/Second
249680,Marlow Briggs and the Mask of Death
339400,Runestone Keeper
249590,Teslagrad
203830,The Dark Eye: Chains of Satinav
300570,Infinifactory
327220,Anna's Quest
249870,Scribblenauts Unmasked: A DC Comics Adventure
274310,Always Sometimes Monsters
241910,Goodbye Deponia
345660,RIDE
247240,Volgarr the Viking
343360,Particula
250050,Life Goes On: Done to Death
218820,Mercenary Kings: Reloaded Edition
243200,The Dark Eye: Memoria
218740,Pid
222980,Dead Pixels
266130,Breach & Clear
284390,The Last Door - Collector's Edition
253840,Shantae: Half-Genie Hero
204630,Retro City Rampage™ DX
325210,Arctico
281920,Splatter - Zombiecalypse Now
318130,Doom & Destiny
345260,Medieval: Total War™ - Collection
215100,Ragnarok Online
220160,Trials Evolution: Gold Edition
369070,Slain: Back from Hell
347830,Fairy Fencer F
288570,Wolfenstein: The New Order
260730,Desperados: Wanted Dead or Alive
260190,Marc Eckō's Getting Up: Contents Under Pressure
227580,"10,000,000"
385380,Planet Centauri
302080,Bus Driver
223330,Sea Dogs: To Each His Own
225300,Tomb Raider II (1997)
208730,Game of Thrones
226620,Desktop Dungeons
380150,STASIS
270630,Haunt the House: Terrortown
351100,Niffelheim
272600,Detective Grimoire
253750,Ikaruga
209370,Analogue: A Hate Story
307050,Shan Gui (山桂)
256330,WRC 4 FIA World Rally Championship
384630,Aviary Attorney
327860,Salt
351510,Quiplash
310510,Deathtrap
313780,Conarium
383230,Dungeon Souls
203650,Sonic the Hedgehog 4 - Episode II
212010,Galaxy on Fire 2™ Full HD
252630,Eldritch
333250,Forward to the Sky
340150,Basement
331440,bit Dungeon II
214970,Intrusion 2
367120,Seduce Me the Otome
342380,Sakura Angels
253920,Gorky 17
280180,Hover
374190,Infernax
383840,Nimbatus - The Space Drone Constructor
215160,The Book of Unwritten Tales
355050,Sky Force Anniversary
204180,Waveform
216910,Of Orcs And Men
339200,Oceanhorn: Monster of Uncharted Seas
200010,Quantum Conundrum
235320,Original War
275670,Space Run
274350,Dropsy
284240,Maize
282760,Circuits
306040,The Howler
321270,UNLOVED
360640,12 Labours of Hercules II: The Cretan Bull
268540,The Whispered World Special Edition
105000,A New Beginning - Final Cut
207320,Ys: The Oath in Felghana
363600,Holy Potatoes! A Weapon Shop?!
211740,Thief II: The Metal Age
370280,Season of 12 Colors
274270,NOT A HERO
284460,DeadCore
255300,Journey of a Roach
386480,Blood Code
345650,Without Within
323720,Decay: The Mare
257170,Rebuild 3: Gangs of Deadsville
341310,Greyfox RPG
381780,80 Days
269050,Year Walk
250380,Knock-knock
312780,Way of the Samurai 4
253650,Sparkle 2 Evo
339350,Choice of Robots
233550,Another World – 20th Anniversary Edition
250110,Assault Android Cactus+
361550,Cradle
283160,House of the Dying Sun
355980,Dungeon Warfare
269710,Tumblestone
300820,Disney•Pixar Toy Story 3: The Video Game
358090,D4: Dark Dreams Don’t Die -Season One-
203350,King's Bounty: Warriors of the North
347430,Frankenstein: Master of Death
258760,Scania Truck Driving Simulator
270110,Block Story™
296910,8BitBoy™
229480,Dungeons & Dragons: Chronicles of Mystara
227220,Sang-Froid - Tales of Werewolves
250500,Super Amazing Wagon Adventure
361990,Lakeview Cabin Collection
301970,Screencheat
285740,Kitty Powers' Matchmaker
344850,Big Pharma
344740,CRYPTARK
223220,Giana Sisters: Twisted Dreams
215930,Jagged Alliance 2 - Wildfire
239430,Q.U.B.E: Director's Cut
353540,Stephen's Sausage Roll
331670,The Jackbox Party Pack
239800,Bleed
275200,Westerado: Double Barreled
246110,MASSIVE CHALICE
201570,Really Big Sky
330580,Shark Attack Deathmatch 2
207080,Indie Game: The Movie
274560,Revolution Ace
305380,Blue Estate The Game
289520,King's Bounty: Dark Side
265330,Gomo
237890,Agarest: Generations of War
288060,Whispering Willows
264730,Deadly 30
228760,TrackMania² Canyon
261470,Distant Worlds: Universe
244730,Divekick
115110,Stacking
246760,Legends of Eisenwald
299680,Tengami
371140,Aegis Defenders
255280,1954 Alcatraz
298520,Orbital Gear
324680,Impossible Creatures Steam Edition
308060,Black The Fall
216890,Blood Bowl: Chaos Edition
251670,Battle Nations
271570,Space Farmers
298160,Eldevin
351800,Dev Guy
299950,GET EVEN
357330,Space Beast Terror Fright
298180,The Desolate Hope
255320,Edna & Harvey: The Breakout
329970,KeeperRL
361630,404Sight
368950,Jigoku Kisetsukan: Sense of the Seasons
268990,The Dishwasher: Vampire Smile
214360,Tower Wars
233230,Kairo
250460,Bridge Constructor
260410,Get Off My Lawn!
224820,Super House of Dead Ninjas
334210,Fortified
278460,Skyborn
359100,Q.U.B.E. 2
334420,Out There: Ω Edition
375600,Air Brawl
302710,BlazeRush
314810,Randal's Monday
371520,Bounty Train
354160,WRC 5 FIA World Rally Championship
243450,Urban Trial Freestyle
202200,Galactic Civilizations® II: Ultimate Edition
213650,Dwarfs - F2P
258890,Type:Rider
242840,In Verbis Virtus
284850,Grim Legends: The Forsaken Bride
314450,Star Saviors
274980,Influent Language Learning Game
354290,LoveBeat
320430,Ascension: Deckbuilding Game
277890,Shantae: Risky's Revenge - Director's Cut
257030,Project Nimbus: Complete Edition
209540,Strike Suit Zero
330820,2064: Read Only Memories
368430,Through the Woods
337150,Sentinels of the Multiverse
324570,Halo: Spartan Strike
287020,Harvester
238280,Legend of Dungeon
249330,Unholy Heights
301320,NoLimits 2 Roller Coaster Simulation
364390,Downfall
294810,BlazBlue: Continuum Shift Extend
238070,Shadow Warrior Classic (1997)
256370,MXGP - The Official Motocross Videogame
283680,Astebreed: Definitive Edition
255390,Max: The Curse of Brotherhood
241410,CastleStorm
234940,The 39 Steps
307580,Technobabylon
248330,Dino Run DX
284770,Enigmatis 2: The Mists of Ravenwood
333300,ADOM (Ancient Domains Of Mystery)
350070,Environmental Station Alpha
237430,Expeditions: Conquistador
301280,Skin Deep
328760,SanctuaryRPG: Black Edition
329070,SpyParty
234900,Anodyne
214790,The Basement Collection
385710,INK
302610,Boson X
310790,Geometry Wars™ 3: Dimensions Evolved
235250,Super Sanctum TD
244430,realMyst: Masterpiece Edition
297120,Heavy Bullets
233700,Sword of the Stars: The Pit
270570,Reversion - The Escape (1st Chapter)
328070,Reflex Arena
339190,Dead Synchronicity: Tomorrow Comes Today
107600,Waves
205610,Port Royale 3
360870,Ultimate Tic-Tac-Toe
254480,Obscure II (Obscure: The Aftermath)
341500,Camera Obscura
273500,Over 9000 Zombies!
284710,Abyss: The Wraiths of Eden
225320,Tomb Raider III (1998)
331690,Crossing Souls
270130,The Gallery - Episode 1: Call of the Starseed
377860,Mushihimesama
313480,Blitzkrieg Anthology
262260,Jets'n'Guns Gold
211050,Battle vs Chess
211070,Check vs Mate
294040,Loot Hero DX
284870,9 Clues: The Secret of Serpent Creek
269490,Bardbarian
292500,Kero Blaster
323380,The Magic Circle
360620,Spellsworn
207750,Symphony
348360,Doodle God
353330,Love at First Sight
251430,The Inner World
251630,The Impossible Game
214830,Half Minute Hero: Super Mega Neo Climax Ultimate Boy
285110,GearCity
312540,Ys VI: The Ark of Napishtim
318230,Convoy
331500,Executive Assault
302790,Momodora III
376680,Splendor
259060,Dominions 4: Thrones of Ascension
269030,The Yawhg
343440,Crash Drive 2
107300,Breath of Death VII
200910,Before the Echo
379980,Panzermadels: Tank Dating Simulator
292930,Black Mirror I
275530,Z
244910,Homesick
287310,Re-Volt
224980,Tomb Raider IV: The Last Revelation (1999)
366870,Narcosis
348470,SAMURAI WARRIORS 4-II
254060,KnightShift
215690,Zeno Clash 2
386260,Microcosmum: survival of cells
377680,Sakura Beach
280520,Crea
353700,The Deadly Tower of Monsters
283880,Heroine's Quest: The Herald of Ragnarok
261700,Eryi's Action
381940,Trials on Tatooine
290100,Bulwark: Falconeer Chronicles
340490,Subterrain
205020,Lumino City
329860,Catlateral Damage
295690,PARTICLE MACE
371570,Tap Heroes
251270,Corpse Party
301120,Eastside Hockey Manager
331750,Disney•Pixar WALL-E
342980,Destination Sol
319870,Jenny LeClue - Detectivu
259810,Home Sheep Home: Farmageddon Party Edition
351700,UnReal World
383580,Flesh Eaters
319480,Odallus: The Dark Call
379210,Wayward
250680,BELOW
264080,Vangers
248970,Vector
250560,Fight The Dragon
241320,Ittle Dew
314230,Rodina
277450,Imperial Glory
279800,Grim Legends 2: Song of the Dark Swan
211780,Conflict Desert Storm™
371200,Halcyon 6: Starbase Commander
283960,Pajama Sam: No Need to Hide When It's Dark Outside
366260,METAL SLUG 2
261510,Tesla Effect: A Tex Murphy Adventure
289930,TransOcean: The Shipping Company
245300,Disney Epic Mickey 2:  The Power of Two
253940,Septerra Core
265750,Secret Ponchos
241240,Contraption Maker
209830,Lone Survivor: The Director's Cut
284050,Sanitarium
248650,Draw a Stickman: EPIC
220090,The Journey Down: Chapter One
233190,Final Exam
311010,The Way
283230,Spoiler Alert
294140,They Breathe
202710,Demigod
317410,Color Symphony
208400,Avernum: Escape From the Pit
311870,Super Trench Attack!
319830,AX:EL - Air XenoDawn
301760,Disney•Pixar Cars 2: The Video Game
243780,PixelJunk™ Monsters Ultimate
356520,Port of Call
334540,Vox Machinae
313500,Blitzkrieg 2 Anthology
262960,Castle In The Darkness
343100,Overture
318530,Wings of Vi
348620,Voices from the Sea
224300,Legacy of Kain: Defiance (2003)
272040,KAMI
296570,Lords of Xulima
225280,Full Mojo Rampage
307070,Memories of a Vagabond
314980,Supreme Ruler Ultimate
218510,Planets Under Attack
266110,Tower of Guns
370770,Holodrive
325260,PANZER BALL
223510,Miasmata
357300,Snakebird
290470,Onigiri
292990,NOBUNAGA'S AMBITION: Souzou
288120,Dungeonmans
209190,Stealth Bastard Deluxe
211440,Adventures of Shuggy
115120,Iron Brigade
381020,Sky Rogue
350740,The Bug Butcher
226740,Monster Loves You!
227200,Waking Mars
321480,Sigils of Elohim
351490,Intergalactic Bubbles
231040,Beatbuddy: Tale of the Guardians
326190,Alchemy Mysteries: Prague Legends
245450,Wizardry 8
289300,Faces of War
345090,Ancient Planet Tower Defense
269270,LOVE
327510,WASTED
299720,Terrorhedron Tower Defense
275470,Chip
262120,Toy Soldiers: Complete
303800,The Witcher Adventure Game
364930,Koi-Koi Japan [Hanafuda playing cards]
262000,Gabriel Knight: Sins of the Fathers 20th Anniversary Edition
217790,Dogfight 1942
316610,A Good Snowman Is Hard To Build
329830,The Moon Sliver
279720,The I of the Dragon
212030,Kung Fu Strike - The Warrior's Rise
345240,SHOGUN: Total War™ - Collection
284830,Clockwork Tales: Of Glass and Ink
340730,Sunrider Academy
319050,Chaos Reborn
263100,9.03m
384570,Zanzarah: The Hidden Portal
342300,Zombie Kill of the Week - Reborn
248550,Megabyte Punch
209630,Magrunner: Dark Pulse
301650,Battlezone 98 Redux
262690,Little Racers STREET
378360,Ymir
267920,Gun Metal
214590,Fairy Bloom Freesia
282100,Fearless Fantasy
307640,Stick RPG 2: Director's Cut
327400,Sid Meier's Colonization (Classic)
226100,PixelJunk™ Nom Nom Galaxy
312980,Graviteam Tactics: Mius-Front
312150,Wild Warfare
263740,FootLOL: Epic Soccer League
345610,The Fruit of Grisaia
357780,Defend Your Life: TD
353090,Chicken Invaders 5
201420,Toki Tori 2+
290890,You Must Build A Boat
384740,CAT Interstellar
375450,NOBUNAGA'S AMBITION: Sphere of Influence - Ascension
322290,Gurumin: A Monstrous Adventure
366760,Adorables
375200,Sakura Fantasy
240600,MotoGP™13
322680,BLACKHOLE
254960,Silent Storm Gold Edition
327560,Near Death
233350,Sudeki
290510,GNOG
236730,Anomaly 2
297110,Cosmic DJ
235360,Prime World: Defenders
340000,Headlander
259340,Chicken Shoot Gold
349730,Popup Dungeon
301190,Frederic: Resurrection of Music
329380,Stealth Inc 2: A Game of Clones
245150,The Novelist
257990,Oozi: Earth Adventure
352890,Caravan
278100,RIVE
360650,12 Labours of Hercules III: Girl Power
366240,GAROU: MARK OF THE WOLVES
282010,Carmageddon Max Pack
311190,Super Panda Adventures
211340,Magical Diary: Horse Hall
256460,Cosmic Star Heroine
206370,Tales From Space: Mutant Blobs Attack
384360,Fingered
292180,X-Plane 10 Global - 64 Bit
253150,Halfway
218090,Unity of Command: Stalingrad Campaign
355130,MotoGP™15
350810,Pixel Puzzles 2: Anime
205840,Yesterday
253880,Earth 2150 Trilogy
